kind,month,path,file,bytes,sha256
quotes,202101,pricequotesjanuary2021/upload-pricequotes202101.csv,,13158365,6b28d2a21775af980294c1e469e924548e79529e237940fdbd9c0bb1457d8929
item_indices,202101,itemindicesjanuary2021/upload-itemindices202101.csv,,53758,96c90736cd432241fde9187b6aa71911e069e57f1321f3c344ddbc10788e64d5
quotes,202102,pricequotesfebruary2021/upload-pricequotes202102.csv,,9736021,70a0f6882259ba68822e93b1c6e2768cd28fe0a7b18172175dd9eb0c9de7908c
item_indices,202102,itemindicesfebruary2021/upload-itemindices202102.csv,,54547,4226c6fd1b935058d06384f77eff91745f34f2a9813cd2980f669bef95c4156b
quotes,202103,pricequotesmarch2021/upload-pricequotes202103.csv,,10118294,6cb58af5d89acc31f13ffc17d3930d1c71c818956ac2bfced8349164c27d1321
item_indices,202103,itemindicesmarch2021/upload-itemindices202103.csv,,54579,b6092eccfb243ad42431372730ce97e6d947b03fb4cfda3dfde33529ae2216fa
quotes,202104,pricequotesapril2021/upload-pricequotes202104.csv,,10290697,ed939ed6220518dc80d36a94b034558760fa0d33a605f6e34e113c5d2b167f2e
item_indices,202104,itemindicesapril2021/upload-itemindices202104.csv,,54953,8b9c1af24d510efb9e242ef0c7ecdba28ff81232fc8b6ee19eedb6862d900004
quotes,202105,pricequotesmay2021/upload-pricequotes2021051.csv,,10756110,f722925441f924c43ff41f96359d5c20ae3e4ef042241b9b559b59dfba84189a
item_indices,202105,itemindicesmay2021/upload-itemindices2021051.csv,,55147,08109fa7dbb8e8907bf0a46f91c74cb2ccd5c4dd2c8acb89f16cfd68edef959e
quotes,202106,pricequotesjune2021/upload-pricequotes202106.csv,,11639324,0bde508ef39694fc70c1edecbce785d606f117ccaec4bca15fe5976290556a80
item_indices,202106,itemindicesjune2021/upload-itemindices202106.csv,,54826,2d1f7664db687dd5a8895a396d26f611e167a42baddf3c443323d3eae17546dd
quotes,202107,pricequotesjuly2021/upload-pricequotes202107.csv,,12924227,1a005ce4693883b089cdfc310910466bcfc851dc6ec6ac6eb06b890beb04c0e6
item_indices,202107,itemindicesjuly2021/upload-itemindices202107.csv,,54039,8ddee073a32ab1eb36ec97922499d65eddd8f898077151c1129d65a13df270ac
quotes,202108,pricequotesaugust2021/upload-pricequotes202108.csv,,13179762,263e2b60061289222e52d70a58ff62c34dc626dacd0eafba275bfa86f5c22d62
item_indices,202108,itemindicesaugust2021/upload-itemindices202108.csv,,54819,ab9f08c8d35016a0b75cf6fb7afff6dd89d87dda2785bbbe66b50660415a9b4b
quotes,202109,pricequotesseptember2021/upload-pricequotes202109.csv,,13312326,527b529217d4fdd1143af9b697afe9be3888c19aed81efbb12a738c37a2e32ea
item_indices,202109,itemindicesseptember2021/upload-itemindices202109.csv,,58806,961f52a31afef0050ffd61ae24434f3f68a713b9d883d57de1830740f3996465
quotes,202110,pricequotesoctober2021/upload-pricequotes202110.csv,,13297561,bf29db2c0b86b5b822b5cf4fb5c12ddc045fe48dfb4b2f71c70739b80e943778
item_indices,202110,itemindicesoctober2021/upload-itemindices202110.csv,,53333,5a9bf78eb9e993293896f0ed09b165e93fa86d27aa0377eab4323a303dda9ee6
quotes,202111,pricequotesnovember2021/upload-pricequotes202111.csv,,13398510,28d89fce4461d1e8a1c26b3c69a25f4cc82b482f2e6987e5fa02f94e290b3fd9
item_indices,202111,itemindicesnovember2021/upload-itemindices202111.csv,,53389,1adb45f77349f52716723d3792afe239429363fa43da38c3948ea6d0bcad1794
quotes,202112,pricequotesdecember2021/upload-pricequotes202112.csv,,13438587,24acc7ce83cb724564f0fa27c7f9b3c901a594142eab35400719fe82c6cb813e
item_indices,202112,itemindicesdecember2021/upload-itemindices202112.csv,,53372,3dcd725d1bafcb57071bf162afc004fd3a72118d5488bbd6130a1812a2285d4c
quotes,202201,pricequotesjanuary2022/upload-pricequotes202201.csv,,13537673,5d65efdf63e53b7911ceda6aebe5a36adda82fb661e49bbb359633a41c2e1125
item_indices,202201,itemindicesjanuary2022/upload-itemindices202201.csv,,53166,0b63a3725c0ff5c92a2feb86a6c8b9f79c8add9188e4884e19f32ff9444bee31
quotes,202202,pricequotesfebruary2022/upload-pricequotes202202.csv,,12201696,112641d4bc72fdd87d7c506527c513444db0ee095007dc616d877629ee422007
item_indices,202202,itemindicesfebruary2022/itemindices202202.xlsx,,72686,44fc35248db4084e528c05f99551213c2c4a4e231242e361fb1c98b4656552fd
quotes,202203,pricequotesmarch2022/upload-pricequotes202203.csv,,12790893,7249c3865d5a720fadf99f4b265004fe1c8980a5d4d8b86f08b19c2550619111
item_indices,202203,itemindicesmarch2022/upload-itemindices202203.csv,,53206,3b39f41b18dc18447d125e9515a7526a45956dc90b6615892eb1e97692d8bcdb
quotes,202204,pricequotesapril2022/upload-pricequotes202204.csv,,13114550,fe950531d8dacd835b3356d28777540d07cbebc8f7adcbc42f6165628a564a4d
item_indices,202204,itemindicesapril2022/upload-itemindices202204.csv,,53557,b4c4d8f25752d4b0459a5f28fd2309c3b4d07e4f71ae783af6551afacf815da5
quotes,202205,pricequotesmay2022/upload-pricequotes202205.csv,,13221719,1ee5cb3182f67d386bbf9cca188179e46ec3ab5ad1988a7a249bf116bbe06544
item_indices,202205,itemindicesmay2022/upload-itemindices202205.csv,,53698,881cf30b61d3e22a66100d84805b4bf43989d60208f796beb6d75a0f3e62fca2
quotes,202206,pricequotesjune2022/upload-pricequotes202206.csv,,13371474,b250bec2c7e76215cf853306687512197bd045f1a84a78e5d08ae8364b96424c
item_indices,202206,itemindicesjune2022/upload-itemindices202206.csv,,53690,f3394a5a2a529c552a54acc240309d7be3c8a32afdbe41e3518550e016bf75ea
quotes,202207,pricequotesjuly2022/upload-pricequotes202207.csv,,13466538,5035ad60cff1805852c64b806332bbc25d3da1fa5bca24071a2c27976e733fed
item_indices,202207,itemindicesjuly2022/upload-itemindices202207.csv,,53708,3017ee168b4c257c9cfd0ea3039eb66638c98ac52937cf788a510dc19a09ef87
quotes,202208,pricequotesaugust2022/upload-pricequotes202208.csv,,13529178,6dcdcda122d5f39d4b099a26c09624a3e3f92305112f6809299ed915ecdc69c7
item_indices,202208,itemindicesaugust2022/upload-itemindices202208.csv,,52248,0d66e399ee974048bc5702172054a527897fd44bee7499cff8e6865c479777db
quotes,202209,pricequotesseptember2022/upload-pricequotes202209.csv,,13533296,5083fa78215e5e6d48ed3d3e0b33daddf97a25cb518c404c8be69d211d1d3969
item_indices,202209,itemindicesseptember2022/upload-itemindices202209.csv,,52258,d75881ca2be50f895e4d748f77eb24fa3250513263735b7d309a2af650ab65bc
quotes,202210,pricequotesoctober2022/upload-pricequotes202210.csv,,13541338,0db848db3a78246162a0fd8b4e020d304754029d829683ba250e4ad895d67c19
item_indices,202210,itemindicesoctober2022/upload-itemindices202210.csv,,52322,53017ddbc6a21b87d854ac2f0a9e393545c40358469e1058c280001748d8d6c3
quotes,202211,pricequotesnovember2022/upload-pricequotes202211.csv,,13568312,aedfdab73c421dde9e94d82a792377cd962452ca28b024932f4ba81c142765e8
item_indices,202211,itemindicesnovember2022/upload-itemindices202211.csv,,52346,e51c78cbfc16aed10a92d2b81fdfb65fe19f8e7e0a797a132535cecb4f5f2382
quotes,202212,pricequotesdecember2022/upload-pricequotes202212.csv,,14662694,c43905efb3922330b378b6ea064da0efbbc867f36fd38bd8c739bcfa33a59c78
item_indices,202212,itemindicesdecember2022/upload-itemindices202212.csv,,56967,8bc4b12f92a4648a450c17c8b5240dc95cc7dfc20c845304af7bb699ebfe5d33
quotes,202301,pricequotesjanuary2023/upload-pricequotes202301.csv,,14673235,954955c6342b30fd67f7f12680b5a56fa37e230aa3e5dab1e37eea84d291163b
item_indices,202301,itemindicesjanuary2023/upload-itemindices202301.csv,,56705,e82b81b46374f9005508cd3b7230691d9b157179325ab779c4e6ad3a83b86d8e
quotes,202302,pricequotesfebruary2023/upload-pricequotes202302.csv,,13197865,8df8eecc1fb45674c6e8a507afdaacaa8044732ce25a4a7d1ff9fe56a45cf8e6
item_indices,202302,itemindicesfebruary2023/upload-itemindices202302revised.csv,,52345,352dbc453ecb27fe4070246bdd4d6828098973e27447e27a5ff5727e5c4fadb7
quotes,202303,pricequotesmarch2023/upload-pricequotes202303.csv,,14027968,2fd1b9af159a85fa29f43cd8efd317a2104d3622fda58cdfca97260818bc9a2b
item_indices,202303,itemindicesmarch2023/upload-itemindices2023032.csv,,57061,b52f2a0f18ed77c439d831791f8b6f480fd4103554e7e435677b6551e1364878
quotes,202304,pricequotesapril2023/upload-pricequotes202304.csv,,14389999,1c75f9abe7324cffe651d0223b99e146cdd657cda5aea5851a1d2e33abafb482
item_indices,202304,itemindicesapril2023/upload-itemindices202304.csv,,58081,4fc3a6b9831f0c022ebf1810c4d1dc6e7a62a57316daca5f781df3ab7ecaad34
quotes,202305,pricequotesmay2023/upload-pricequotes202305.csv,,14556251,5f05f2fe3159569212d5def80249aa2155530537b7d7eb4da9aa6ca0b93f5dba
item_indices,202305,itemindicesmay2023/upload-itemindices202305.csv,,58121,36785a68da671dbbc2c0769936a1aa961175e7d2dff88cba4c45c4996cefbbfb
quotes,202306,pricequotesjune2023/upload-pricequotes202306.csv,,13705835,e77ee488a0bfba6c5639e9806e3435600ba612883d30c82cd7852cd479395b13
item_indices,202306,itemindicesjune2023/upload-itemindices202306.csv,,58240,12ec1be9707e43cac2dca05fa1806d764aaed49decc18cbb7db3a08f603593aa
quotes,202307,pricequotesjuly2023/upload-pricequotes202307.csv,,14750340,61749bbe8c74f456ba481c481c74b451cd48f8bc8c5a44e623ed02e2ec0e8d1e
item_indices,202307,itemindicesjuly2023/upload-itemindices202307.csv,,57632,12ad3f4480cae58d6201fe1205bce0eb99cb716028f3b361794c79b4ed161c79
quotes,202308,pricequotesaugust2023/upload-pricequotes202308.csv,,14861333,2ce8687bedba590ed56343a7eff55a5be0e5af45761c7f8b1fded3b744844087
item_indices,202308,itemindicesaugust2023/upload-itemindices202308.csv,,57869,9bf148e52d347a900e70303a9d8f6d9124a583db85ed0aba23a21c9d15ff9c2d
quotes,202309,pricequotesseptember2023/upload-pricequotes202309.csv,,14880105,41762e6de709367b4159d10ed10d788b76b10470bba746ea90fdfc2b30af7296
item_indices,202309,itemindicesseptember2023/upload-itemindices202309.csv,,58534,4c6b29243520cbc362b0d10fad507b49fe3f6ffeff7d7c77d7ad677921294794
quotes,202310,pricequotesoctober2023/upload-pricequotes202310.csv,,14695036,f60c22a304f78e6b065b2785f05a4c3af92d07a7c4097314e6f1bc0a1b93b778
item_indices,202310,itemindicesoctober2023/upload-itemindices202310.csv,,58063,7327a1c8cc14733a13925a7f6bfa089606161904ea03bf29302e35caa680a613
quotes,202311,pricequotesnovember2023/upload-pricequotes202311.csv,,14910677,53a2de7c7650d3558bcc96646468109cf5b0cdbb4d1ff64b18fdc3e48a7a17e0
item_indices,202311,itemindicesnovember2023/upload-itemindices202311.csv,,58271,15a35c6f1575757fe79501722996b34f1c3133eebb6215d346ee455559c14975
quotes,202312,pricequotesdecember2023/upload-pricequotes202312.csv,,14435306,43990492ecdc66751835dcef0696bbe87c77c10d7af60e6f51eb61fdd4d809e3
item_indices,202312,itemindicesdecember2023/upload-itemindices202312.csv,,57554,2d45914bc31a6e7f0ea1161f1e9dad529e0e119946cdb38264fc0ce8315d563a
quotes,202401,pricequotesjanuary2024/upload-pricequotes202401.csv,,14551569,d219216dacceaa36465afbcf528be5365888153f233b133b9a0596592d2921a2
item_indices,202401,itemindicesjanuary2024/upload-itemindices202401.csv,,57722,eefe3bcacda0db9396c5ed4be9a67465a540b8bc77eb546f23f77e5d7de259dc
quotes,202402,pricequotesfebruary2024/upload-pricequotes202402.csv,,12940381,93de6dc038798bb95ecc58d64b0855b04aaefb351802b91e9bbb43b8deeb3e2d
item_indices,202402,itemindicesfebruary2024/upload-itemindices202402.csv,,63939,6cbcc81ec8f5d3c745771635a54568b9f41090faf36c0a5bcad1eccfcc62ed23
quotes,202403,pricequotesmarch2024/upload-pricequotes202403.csv,,13577614,fe423d422608bedd5b281ba0fd0b1fc0d7890db82e80b72ce84d8c26d829cd5f
item_indices,202403,itemindicesmarch2024/upload-itemindices202403.csv,,63888,291b0af3aa23d3527c743d1299d0a1dda4231e2ad80d3be722e126d994a0fe87
quotes,202404,pricequotesapril2024/upload-pricequotes202404.csv,,13906416,b290e38decf75790b17893c8a9ec43e79d1cf63734d8418e6f2edde1565fd950
item_indices,202404,itemindicesapril2024/upload-itemindices202404.csv,,64350,f30f611cb406fa1a43509047a7a981ae866806a2e51d85d28b700b2a2c3b05f1
quotes,202405,pricequotesmay2024/upload-pricequotes202405.csv,,14013095,38d9d37b70c522956f809c99bf11736f306fd945e086091b2ae41a6c919961fa
item_indices,202405,itemindicesmay2024/upload-itemindices202405.csv,,64396,9ddef949d39425912dbc2d1d33037f4d3aca2164af5a7176a3a0e1e1d188ee92
quotes,202406,pricequotesjune2024/upload-pricequotes202406.csv,,14106571,9dc2786b675613bd456c3ab05bcf913fd339f0172ea0ddbec549fd56933358f6
item_indices,202406,itemindicesjune2024/upload-itemindices202406.csv,,64601,5d8f822b8905f639b47443ad569b3bc6da4cefddb50ab6eafd68f70a830a75e2
quotes,202407,pricequotesjuly2024/upload-pricequotes202407.csv,,14170534,6707c5152d3d13d71f295b0130d3a1cf6ca61f2acd4d5ee2ecba267b44f2e8ed
item_indices,202407,itemindicesjuly2024/upload-itemindices202407.csv,,54341,d8379b8acc9677a699a31f878b4ca6b3ce55c7073485f6bd39a182d9b12a1ea1
quotes,202408,pricequotesaugust2024/upload-pricequotes202408.csv,,14287588,0a1f15399558f2c43786159fcf005b81818dcf2c528f40c81fd49580c9b0a960
item_indices,202408,itemindicesaugust2024/upload-itemindices202408.csv,,64058,93e506129a2637ff1575f7cde4df28c87760e324cc79108c990c4c85633cea4f
quotes,202409,pricequotesseptember2024/upload-pricequotes202409.csv,,14288555,7badaac1a6a0245ec5540ec0469febba0e56ac692ddc4f8c73d585ab21c3bbe0
item_indices,202409,itemindicesseptember2024/upload-itemindices202409.csv,,64424,4991c22022e4956025f5c34a7690d9d9ccca5f5b005a62dfd99f561fc3741f75
quotes,202410,pricequotesoctober2024/upload-pricequotes202410.csv,,14300272,99327e90d80223bb48b4a2a4ea36f90b16c02f2ca7df3bc7243ad5708fa4dd97
item_indices,202410,itemindicesoctober2024/upload-itemindices202410.csv,,64462,0e06db1bf88a8c7c2e15ab752cc6d3cb5948e47492c27932281447883db7eae5
quotes,202411,pricequotesnovember2024/upload-pricequotes202411.csv,,14302410,44b800e0e5b54a8194f972e3e2ea5b1ca827b32459632f69d1ccd75907321f73
item_indices,202411,itemindicesnovember2024/upload-itemindices202411.csv,,54607,cfeb4907eec38c099e73e3ee00a208cf3293440898595bfeb19ba6585e59260c
quotes,202412,pricequotesdecember2024/upload-pricequotes202412.csv,,14380115,18843516908de8626d812ad6eef9b9e8d3c38704eccb495356a586c6012ee9b6
item_indices,202412,itemindicesdecember2024/upload-itemindices202412.csv,,65242,522602dd4e48f77713987faec8b3df7b1da28bff980dc663921c8bf0d8a86ddb
classification,2021,cpi2021classificationframework/upload-cpiclassificationframework2021.csv,cpi_classification_2021.xlsx,53188,3deb813349e5005645f3144b8659aa4bb6d13ac23e029e356ff82ee7b950e75c
classification,2022,cpi2022classificationframework/upload-cpiclassificationframework2022.csv,cpi_classification_2022.csv,52897,b2273dc181e611c53737a876a31f68cd05943ad11b30029607fa7fd75be9386c
classification,2023,cpi2023classificationframework/cpiclassificationframework2023.xlsx,cpi_classification_2023.xlsx,61746,b1895c92040cfc13666a43a660146d846a8d6b700d8887b6770b5f77c178e304
classification,2024,cpi2024classificationframework/upload-cpiclassificationframework2024cpiclassificationframework2024.csv,cpi_classification_2024.csv,54720,abde58128d1c59f1548f190760cbe8459be02f0a61c2206b7480bc1e521825c4
series,,https://www.ons.gov.uk/generator?format=csv&uri=/economy/inflationandpriceindices/timeseries/d7bu/mm23,ons_d7bu.csv,11932,6b356370d5e60f7c4a37a2b5cd8f639b6018a84edb4ecd9a1f9ea839935e10a5
